{"linear_classification/overall_loss": 0.5949938297271729, "linear_classification/excess_loss": 0.11899876594543457, "linear_classification/pointwise/loss": {"0": 0.828125, "1": 0.890625, "2": 0.796875, "3": 0.84375, "4": 0.828125, "5": 0.75, "6": 0.875, "7": 0.875, "8": 0.75, "9": 0.84375, "10": 0.765625}, "n_points": 11, "n_dims": 10, "_timestamp": 1688066156, "_runtime": 99, "_step": 1800}