{"linear_regression/overall_loss": 0.0027953009121119976, "linear_regression/excess_loss": 0.0005457492256980567, "linear_regression/pointwise/loss": {"0": 1.4079487323760986, "1": 0.8643631339073181, "2": 0.6384637355804443, "3": 0.9704409241676331, "4": 0.8305604457855225, "5": 1.2838586568832397, "6": 1.3234426975250244, "7": 0.8351934552192688, "8": 1.6482865810394287, "9": 0.7639764547348022, "10": 0.9923282861709595, "11": 0.7738921046257019, "12": 1.2269196510314941, "13": 0.9716540575027466, "14": 1.2111530303955078, "15": 1.5193127393722534, "16": 1.1397643089294434, "17": 0.9887775182723999, "18": 1.089134931564331, "19": 1.125891923904419, "20": 1.1812413930892944, "21": 1.187636375427246, "22": 1.0647404193878174, "23": 0.9583390355110168, "24": 1.1137773990631104, "25": 0.9264076948165894, "26": 0.8523904085159302, "27": 0.9338458180427551, "28": 1.2371208667755127, "29": 1.071141004562378, "30": 1.384788155555725, "31": 0.9205389022827148, "32": 0.6417593359947205, "33": 1.2185487747192383, "34": 0.9180286526679993, "35": 1.734893798828125, "36": 1.2785401344299316, "37": 1.0201343297958374, "38": 1.0260226726531982, "39": 1.1298633813858032, "40": 0.0027953009121119976}, "n_points": 41, "n_dims": 20, "_timestamp": 1687927767, "_runtime": 32113, "linear_classification/overall_loss": 0.3140823245048523, "linear_classification/excess_loss": 0.06132083478428069, "linear_classification/pointwise/loss": {"0": 0.59375, "1": 0.703125, "2": 0.625, "3": 0.671875, "4": 0.625, "5": 0.625, "6": 0.703125, "7": 0.6875, "8": 0.59375, "9": 0.6875, "10": 0.671875, "11": 0.75, "12": 0.703125, "13": 0.625, "14": 0.671875, "15": 0.65625, "16": 0.671875, "17": 0.484375, "18": 0.59375, "19": 0.578125, "20": 0.703125, "21": 0.625, "22": 0.625, "23": 0.625, "24": 0.71875, "25": 0.5625, "26": 0.734375, "27": 0.734375, "28": 0.625, "29": 0.6875, "30": 0.59375, "31": 0.671875, "32": 0.671875, "33": 0.625, "34": 0.578125, "35": 0.609375, "36": 0.609375, "37": 0.59375, "38": 0.5625, "39": 0.5625, "40": 0.890625}, "_step": 300000, "_wandb": {"runtime": 33132}}