{"linear_regression/overall_loss": 0.0025844916235655546, "linear_regression/excess_loss": 0.0005045912217437512, "linear_regression/pointwise/loss": {"0": 1.7517757415771484, "1": 1.5151150226593018, "2": 0.8366289138793945, "3": 1.2009100914001465, "4": 1.1118814945220947, "5": 1.3534280061721802, "6": 1.1420103311538696, "7": 1.3578218221664429, "8": 1.114047884941101, "9": 1.39674973487854, "10": 1.062326431274414, "11": 1.1523607969284058, "12": 1.3562467098236084, "13": 1.1718510389328003, "14": 1.1946626901626587, "15": 1.3608462810516357, "16": 1.6824768781661987, "17": 1.5908277034759521, "18": 1.260806918144226, "19": 1.16898512840271, "20": 0.9223759770393372, "21": 1.2394226789474487, "22": 1.4807353019714355, "23": 0.8687302470207214, "24": 1.6739709377288818, "25": 1.0862817764282227, "26": 1.498436689376831, "27": 1.1891045570373535, "28": 1.2852802276611328, "29": 1.1935970783233643, "30": 1.1932966709136963, "31": 0.8230319619178772, "32": 1.0058091878890991, "33": 1.1193491220474243, "34": 1.368211030960083, "35": 1.222970724105835, "36": 1.1096956729888916, "37": 1.8657848834991455, "38": 1.1846905946731567, "39": 1.4509742259979248, "40": 0.0025844918563961983}, "n_points": 41, "n_dims": 20, "_timestamp": 1688049580, "_runtime": 54196, "linear_classification/overall_loss": 0.3199739456176758, "linear_classification/excess_loss": 0.06247110366821289, "linear_classification/pointwise/loss": {"0": 0.625, "1": 0.515625, "2": 0.65625, "3": 0.671875, "4": 0.578125, "5": 0.640625, "6": 0.5, "7": 0.625, "8": 0.59375, "9": 0.65625, "10": 0.59375, "11": 0.640625, "12": 0.65625, "13": 0.5625, "14": 0.609375, "15": 0.625, "16": 0.625, "17": 0.53125, "18": 0.703125, "19": 0.640625, "20": 0.5, "21": 0.609375, "22": 0.484375, "23": 0.671875, "24": 0.59375, "25": 0.6875, "26": 0.59375, "27": 0.703125, "28": 0.5, "29": 0.640625, "30": 0.65625, "31": 0.609375, "32": 0.640625, "33": 0.5625, "34": 0.53125, "35": 0.5625, "36": 0.609375, "37": 0.5625, "38": 0.625, "39": 0.59375, "40": 0.84375}, "_step": 500000, "_wandb": {"runtime": 55140}}